-- Insert Departments
INSERT INTO employees.department (DepartmentID, DepartmentName) VALUES (1, 'HR');
INSERT INTO employees.department (DepartmentID, DepartmentName) VALUES (2, 'Engineering');
INSERT INTO employees.department (DepartmentID, DepartmentName) VALUES (3, 'Marketing');
INSERT INTO employees.department (DepartmentID, DepartmentName) VALUES (4, 'Finance');
INSERT INTO employees.department (DepartmentID, DepartmentName) VALUES (5, 'Customer Service');

-- Insert Shifts
INSERT INTO employees.shift (ShiftID, Name, start_time, end_time, DaysWorked) VALUES (1, 'Morning', '08:00', '16:00', 'Mon-Fri');
INSERT INTO employees.shift (ShiftID, Name, start_time, end_time, DaysWorked) VALUES (2, 'Evening', '16:00', '00:00', 'Mon-Fri');
INSERT INTO employees.shift (ShiftID, Name, start_time, end_time, DaysWorked) VALUES (3, 'Night', '00:00', '08:00', 'Sun-Thu');

-- Insert Certifications
INSERT INTO employees.certification (CertificationID, CertificationName, Description) VALUES (1, 'First Aid', 'North reason left response.');
INSERT INTO employees.certification (CertificationID, CertificationName, Description) VALUES (2, 'Forklift Operation', 'Along chair bring budget move space newspaper.');
INSERT INTO employees.certification (CertificationID, CertificationName, Description) VALUES (3, 'Data Analysis', 'Method federal experience save yeah anything.');
INSERT INTO employees.certification (CertificationID, CertificationName, Description) VALUES (4, 'Scrum Master', 'People join under audience.');
INSERT INTO employees.certification (CertificationID, CertificationName, Description) VALUES (5, 'Safety Compliance', 'Side air true class.');

-- Insert Employees
INSERT INTO employees.employee (EmployeeID, FirstName, LastName, StartDate, Salary, Status, YearsAtCompany, Strikes, PTOUsed, PTORemaining, HoursWorked, DepartmentID, ShiftID) VALUES (1, 'James', 'Mays', '2023-12-06', 75077.32, 'Part-Time', 4, 1, 19, 1, 49.01, 4, 3);
INSERT INTO employees.employee (EmployeeID, FirstName, LastName, StartDate, Salary, Status, YearsAtCompany, Strikes, PTOUsed, PTORemaining, HoursWorked, DepartmentID, ShiftID) VALUES (2, 'Carrie', 'Wallace', '2023-09-29', 91566.8, 'Part-Time', 8, 1, 14, 6, 23.24, 5, 3);
INSERT INTO employees.employee (EmployeeID, FirstName, LastName, StartDate, Salary, Status, YearsAtCompany, Strikes, PTOUsed, PTORemaining, HoursWorked, DepartmentID, ShiftID) VALUES (3, 'Angela', 'Bell', '2016-02-09', 37311.21, 'Full-Time', 8, 1, 20, 0, 34.23, 4, 2);
INSERT INTO employees.employee (EmployeeID, FirstName, LastName, StartDate, Salary, Status, YearsAtCompany, Strikes, PTOUsed, PTORemaining, HoursWorked, DepartmentID, ShiftID) VALUES (4, 'Helen', 'Soto', '2020-12-05', 53438.44, 'Full-Time', 6, 0, 8, 12, 51.03, 1, 2);
INSERT INTO employees.employee (EmployeeID, FirstName, LastName, StartDate, Salary, Status, YearsAtCompany, Strikes, PTOUsed, PTORemaining, HoursWorked, DepartmentID, ShiftID) VALUES (5, 'Ashley', 'Larson', '2016-05-05', 55057.59, 'Part-Time', 9, 3, 14, 6, 37.42, 5, 1);
INSERT INTO employees.employee (EmployeeID, FirstName, LastName, StartDate, Salary, Status, YearsAtCompany, Strikes, PTOUsed, PTORemaining, HoursWorked, DepartmentID, ShiftID) VALUES (6, 'Lisa', 'Bass', '2019-05-25', 61320.6, 'Full-Time', 2, 0, 12, 8, 57.69, 5, 2);
INSERT INTO employees.employee (EmployeeID, FirstName, LastName, StartDate, Salary, Status, YearsAtCompany, Strikes, PTOUsed, PTORemaining, HoursWorked, DepartmentID, ShiftID) VALUES (7, 'Lauren', 'Garcia', '2024-02-22', 57450.05, 'Full-Time', 8, 1, 8, 12, 22.63, 4, 2);
INSERT INTO employees.employee (EmployeeID, FirstName, LastName, StartDate, Salary, Status, YearsAtCompany, Strikes, PTOUsed, PTORemaining, HoursWorked, DepartmentID, ShiftID) VALUES (8, 'Margaret', 'Bright', '2022-01-12', 82153.29, 'Full-Time', 10, 0, 18, 2, 56.93, 3, 1);
INSERT INTO employees.employee (EmployeeID, FirstName, LastName, StartDate, Salary, Status, YearsAtCompany, Strikes, PTOUsed, PTORemaining, HoursWorked, DepartmentID, ShiftID) VALUES (9, 'Kelli', 'Walters', '2019-04-19', 31797.68, 'Full-Time', 8, 3, 12, 8, 37.93, 4, 1);
INSERT INTO employees.employee (EmployeeID, FirstName, LastName, StartDate, Salary, Status, YearsAtCompany, Strikes, PTOUsed, PTORemaining, HoursWorked, DepartmentID, ShiftID) VALUES (10, 'Ashley', 'Ali', '2016-03-30', 32019.11, 'Full-Time', 8, 3, 20, 0, 38.4, 3, 1);
INSERT INTO employees.employee (EmployeeID, FirstName, LastName, StartDate, Salary, Status, YearsAtCompany, Strikes, PTOUsed, PTORemaining, HoursWorked, DepartmentID, ShiftID) VALUES (11, 'William', 'Martinez', '2017-11-16', 81259.66, 'Full-Time', 6, 2, 8, 12, 50.99, 2, 3);
INSERT INTO employees.employee (EmployeeID, FirstName, LastName, StartDate, Salary, Status, YearsAtCompany, Strikes, PTOUsed, PTORemaining, HoursWorked, DepartmentID, ShiftID) VALUES (12, 'Kayla', 'Mitchell', '2015-05-18', 73293.2, 'Full-Time', 6, 1, 4, 16, 37.17, 1, 2);
INSERT INTO employees.employee (EmployeeID, FirstName, LastName, StartDate, Salary, Status, YearsAtCompany, Strikes, PTOUsed, PTORemaining, HoursWorked, DepartmentID, ShiftID) VALUES (13, 'David', 'Taylor', '2016-10-05', 74642.71, 'Full-Time', 3, 3, 1, 19, 54.87, 1, 3);
INSERT INTO employees.employee (EmployeeID, FirstName, LastName, StartDate, Salary, Status, YearsAtCompany, Strikes, PTOUsed, PTORemaining, HoursWorked, DepartmentID, ShiftID) VALUES (14, 'Jessica', 'Garcia', '2023-08-05', 76410.25, 'Full-Time', 4, 3, 2, 18, 46.28, 5, 1);
INSERT INTO employees.employee (EmployeeID, FirstName, LastName, StartDate, Salary, Status, YearsAtCompany, Strikes, PTOUsed, PTORemaining, HoursWorked, DepartmentID, ShiftID) VALUES (15, 'Cory', 'Stevens', '2016-07-03', 98224.36, 'Part-Time', 7, 3, 12, 8, 35.02, 2, 2);
INSERT INTO employees.employee (EmployeeID, FirstName, LastName, StartDate, Salary, Status, YearsAtCompany, Strikes, PTOUsed, PTORemaining, HoursWorked, DepartmentID, ShiftID) VALUES (16, 'Morgan', 'Hart', '2018-05-27', 76806.14, 'Full-Time', 7, 3, 5, 15, 24.61, 1, 3);
INSERT INTO employees.employee (EmployeeID, FirstName, LastName, StartDate, Salary, Status, YearsAtCompany, Strikes, PTOUsed, PTORemaining, HoursWorked, DepartmentID, ShiftID) VALUES (17, 'Cheryl', 'Compton', '2015-09-23', 81511.3, 'Full-Time', 7, 3, 0, 20, 31.35, 4, 1);
INSERT INTO employees.employee (EmployeeID, FirstName, LastName, StartDate, Salary, Status, YearsAtCompany, Strikes, PTOUsed, PTORemaining, HoursWorked, DepartmentID, ShiftID) VALUES (18, 'Alexander', 'Ramirez', '2017-02-15', 39240.45, 'Part-Time', 10, 1, 7, 13, 34.3, 3, 3);
INSERT INTO employees.employee (EmployeeID, FirstName, LastName, StartDate, Salary, Status, YearsAtCompany, Strikes, PTOUsed, PTORemaining, HoursWorked, DepartmentID, ShiftID) VALUES (19, 'William', 'Montes', '2023-06-17', 39567.38, 'Full-Time', 5, 1, 20, 0, 51.47, 4, 1);
INSERT INTO employees.employee (EmployeeID, FirstName, LastName, StartDate, Salary, Status, YearsAtCompany, Strikes, PTOUsed, PTORemaining, HoursWorked, DepartmentID, ShiftID) VALUES (20, 'Bryan', 'Williams', '2023-02-04', 55036.23, 'Part-Time', 3, 0, 9, 11, 24.67, 4, 1);
INSERT INTO employees.employee (EmployeeID, FirstName, LastName, StartDate, Salary, Status, YearsAtCompany, Strikes, PTOUsed, PTORemaining, HoursWorked, DepartmentID, ShiftID) VALUES (21, 'Krista', 'Deleon', '2015-08-13', 92050.74, 'Part-Time', 1, 2, 18, 2, 33.81, 4, 3);
INSERT INTO employees.employee (EmployeeID, FirstName, LastName, StartDate, Salary, Status, YearsAtCompany, Strikes, PTOUsed, PTORemaining, HoursWorked, DepartmentID, ShiftID) VALUES (22, 'Connor', 'Snyder', '2018-03-19', 96477.75, 'Part-Time', 1, 3, 20, 0, 23.76, 5, 2);
INSERT INTO employees.employee (EmployeeID, FirstName, LastName, StartDate, Salary, Status, YearsAtCompany, Strikes, PTOUsed, PTORemaining, HoursWorked, DepartmentID, ShiftID) VALUES (23, 'Paula', 'Martinez', '2023-01-25', 55901.75, 'Part-Time', 8, 3, 11, 9, 45.39, 2, 2);
INSERT INTO employees.employee (EmployeeID, FirstName, LastName, StartDate, Salary, Status, YearsAtCompany, Strikes, PTOUsed, PTORemaining, HoursWorked, DepartmentID, ShiftID) VALUES (24, 'Emily', 'Ross', '2018-10-27', 38932.06, 'Part-Time', 2, 2, 19, 1, 54.51, 1, 2);
INSERT INTO employees.employee (EmployeeID, FirstName, LastName, StartDate, Salary, Status, YearsAtCompany, Strikes, PTOUsed, PTORemaining, HoursWorked, DepartmentID, ShiftID) VALUES (25, 'Amanda', 'Sampson', '2019-01-17', 84296.67, 'Part-Time', 8, 2, 5, 15, 23.62, 3, 1);
INSERT INTO employees.employee (EmployeeID, FirstName, LastName, StartDate, Salary, Status, YearsAtCompany, Strikes, PTOUsed, PTORemaining, HoursWorked, DepartmentID, ShiftID) VALUES (26, 'William', 'Dean', '2024-01-13', 86839.8, 'Part-Time', 2, 2, 19, 1, 24.2, 4, 2);
INSERT INTO employees.employee (EmployeeID, FirstName, LastName, StartDate, Salary, Status, YearsAtCompany, Strikes, PTOUsed, PTORemaining, HoursWorked, DepartmentID, ShiftID) VALUES (27, 'Jennifer', 'Barr', '2022-12-17', 84164.19, 'Part-Time', 10, 1, 16, 4, 20.13, 4, 1);
INSERT INTO employees.employee (EmployeeID, FirstName, LastName, StartDate, Salary, Status, YearsAtCompany, Strikes, PTOUsed, PTORemaining, HoursWorked, DepartmentID, ShiftID) VALUES (28, 'Christopher', 'Gates', '2023-11-17', 99243.73, 'Full-Time', 4, 0, 3, 17, 31.01, 4, 3);
INSERT INTO employees.employee (EmployeeID, FirstName, LastName, StartDate, Salary, Status, YearsAtCompany, Strikes, PTOUsed, PTORemaining, HoursWorked, DepartmentID, ShiftID) VALUES (29, 'Christopher', 'Vasquez', '2016-06-04', 99345.52, 'Full-Time', 7, 2, 19, 1, 58.54, 1, 2);
INSERT INTO employees.employee (EmployeeID, FirstName, LastName, StartDate, Salary, Status, YearsAtCompany, Strikes, PTOUsed, PTORemaining, HoursWorked, DepartmentID, ShiftID) VALUES (30, 'Logan', 'Church', '2016-07-29', 90301.79, 'Full-Time', 10, 2, 2, 18, 57.63, 3, 2);
INSERT INTO employees.employee (EmployeeID, FirstName, LastName, StartDate, Salary, Status, YearsAtCompany, Strikes, PTOUsed, PTORemaining, HoursWorked, DepartmentID, ShiftID) VALUES (31, 'Frank', 'Cannon', '2022-07-20', 95261.36, 'Full-Time', 7, 2, 17, 3, 52.25, 5, 2);
INSERT INTO employees.employee (EmployeeID, FirstName, LastName, StartDate, Salary, Status, YearsAtCompany, Strikes, PTOUsed, PTORemaining, HoursWorked, DepartmentID, ShiftID) VALUES (32, 'Kurt', 'Marshall', '2019-07-06', 77924.59, 'Part-Time', 1, 3, 20, 0, 58.77, 5, 2);
INSERT INTO employees.employee (EmployeeID, FirstName, LastName, StartDate, Salary, Status, YearsAtCompany, Strikes, PTOUsed, PTORemaining, HoursWorked, DepartmentID, ShiftID) VALUES (33, 'Patrick', 'Green', '2022-11-13', 99322.82, 'Full-Time', 9, 2, 19, 1, 59.8, 3, 2);
INSERT INTO employees.employee (EmployeeID, FirstName, LastName, StartDate, Salary, Status, YearsAtCompany, Strikes, PTOUsed, PTORemaining, HoursWorked, DepartmentID, ShiftID) VALUES (34, 'Bonnie', 'Bryan', '2016-04-29', 40576.71, 'Part-Time', 3, 3, 17, 3, 52.68, 3, 2);
INSERT INTO employees.employee (EmployeeID, FirstName, LastName, StartDate, Salary, Status, YearsAtCompany, Strikes, PTOUsed, PTORemaining, HoursWorked, DepartmentID, ShiftID) VALUES (35, 'Carrie', 'Bowman', '2021-11-08', 40863.18, 'Full-Time', 4, 1, 9, 11, 42.98, 5, 2);
INSERT INTO employees.employee (EmployeeID, FirstName, LastName, StartDate, Salary, Status, YearsAtCompany, Strikes, PTOUsed, PTORemaining, HoursWorked, DepartmentID, ShiftID) VALUES (36, 'William', 'Monroe', '2016-03-29', 84533.56, 'Full-Time', 7, 2, 18, 2, 35.63, 1, 2);
INSERT INTO employees.employee (EmployeeID, FirstName, LastName, StartDate, Salary, Status, YearsAtCompany, Strikes, PTOUsed, PTORemaining, HoursWorked, DepartmentID, ShiftID) VALUES (37, 'Monique', 'Harrison', '2021-12-03', 36340.74, 'Part-Time', 6, 2, 2, 18, 40.65, 4, 1);
INSERT INTO employees.employee (EmployeeID, FirstName, LastName, StartDate, Salary, Status, YearsAtCompany, Strikes, PTOUsed, PTORemaining, HoursWorked, DepartmentID, ShiftID) VALUES (38, 'Julian', 'Stevenson', '2017-01-26', 33698.62, 'Part-Time', 4, 3, 2, 18, 40.4, 4, 1);
INSERT INTO employees.employee (EmployeeID, FirstName, LastName, StartDate, Salary, Status, YearsAtCompany, Strikes, PTOUsed, PTORemaining, HoursWorked, DepartmentID, ShiftID) VALUES (39, 'Crystal', 'Potts', '2018-04-13', 55994.69, 'Full-Time', 8, 2, 6, 14, 40.27, 1, 3);
INSERT INTO employees.employee (EmployeeID, FirstName, LastName, StartDate, Salary, Status, YearsAtCompany, Strikes, PTOUsed, PTORemaining, HoursWorked, DepartmentID, ShiftID) VALUES (40, 'Jesse', 'Wright', '2017-10-23', 60319.19, 'Part-Time', 9, 2, 15, 5, 55.6, 5, 3);
INSERT INTO employees.employee (EmployeeID, FirstName, LastName, StartDate, Salary, Status, YearsAtCompany, Strikes, PTOUsed, PTORemaining, HoursWorked, DepartmentID, ShiftID) VALUES (41, 'Jessica', 'Owens', '2022-10-25', 85304.01, 'Part-Time', 8, 1, 3, 17, 54.16, 1, 2);
INSERT INTO employees.employee (EmployeeID, FirstName, LastName, StartDate, Salary, Status, YearsAtCompany, Strikes, PTOUsed, PTORemaining, HoursWorked, DepartmentID, ShiftID) VALUES (42, 'Sean', 'Baker', '2017-10-25', 39748.82, 'Full-Time', 6, 3, 15, 5, 33.84, 4, 1);
INSERT INTO employees.employee (EmployeeID, FirstName, LastName, StartDate, Salary, Status, YearsAtCompany, Strikes, PTOUsed, PTORemaining, HoursWorked, DepartmentID, ShiftID) VALUES (43, 'John', 'Sanders', '2023-08-25', 78986.29, 'Full-Time', 2, 1, 7, 13, 30.44, 2, 2);
INSERT INTO employees.employee (EmployeeID, FirstName, LastName, StartDate, Salary, Status, YearsAtCompany, Strikes, PTOUsed, PTORemaining, HoursWorked, DepartmentID, ShiftID) VALUES (44, 'John', 'Williams', '2019-07-18', 93735.02, 'Part-Time', 1, 0, 18, 2, 33.9, 4, 1);
INSERT INTO employees.employee (EmployeeID, FirstName, LastName, StartDate, Salary, Status, YearsAtCompany, Strikes, PTOUsed, PTORemaining, HoursWorked, DepartmentID, ShiftID) VALUES (45, 'Lori', 'Robinson', '2021-02-28', 55364.51, 'Full-Time', 6, 1, 3, 17, 24.87, 1, 2);
INSERT INTO employees.employee (EmployeeID, FirstName, LastName, StartDate, Salary, Status, YearsAtCompany, Strikes, PTOUsed, PTORemaining, HoursWorked, DepartmentID, ShiftID) VALUES (46, 'Philip', 'Moore', '2019-03-16', 78750.87, 'Part-Time', 3, 3, 1, 19, 46.42, 4, 2);
INSERT INTO employees.employee (EmployeeID, FirstName, LastName, StartDate, Salary, Status, YearsAtCompany, Strikes, PTOUsed, PTORemaining, HoursWorked, DepartmentID, ShiftID) VALUES (47, 'Michelle', 'Rivera', '2023-04-23', 47884.0, 'Full-Time', 4, 2, 9, 11, 27.07, 1, 2);
INSERT INTO employees.employee (EmployeeID, FirstName, LastName, StartDate, Salary, Status, YearsAtCompany, Strikes, PTOUsed, PTORemaining, HoursWorked, DepartmentID, ShiftID) VALUES (48, 'Stephanie', 'Morales', '2019-12-22', 85803.38, 'Full-Time', 1, 3, 11, 9, 30.21, 3, 2);
INSERT INTO employees.employee (EmployeeID, FirstName, LastName, StartDate, Salary, Status, YearsAtCompany, Strikes, PTOUsed, PTORemaining, HoursWorked, DepartmentID, ShiftID) VALUES (49, 'Christopher', 'Doyle', '2016-03-01', 95919.63, 'Part-Time', 2, 3, 19, 1, 57.78, 3, 2);
INSERT INTO employees.employee (EmployeeID, FirstName, LastName, StartDate, Salary, Status, YearsAtCompany, Strikes, PTOUsed, PTORemaining, HoursWorked, DepartmentID, ShiftID) VALUES (50, 'Brittney', 'Goodman', '2023-05-27', 75110.79, 'Full-Time', 5, 1, 7, 13, 27.0, 3, 3);

-- Insert Employee Certifications
INSERT INTO employees.employeeCertification (EmployeeID, CertificationID, DateObtained) VALUES (1, 1, '2022-02-21');
INSERT INTO employees.employeeCertification (EmployeeID, CertificationID, DateObtained) VALUES (1, 3, '2024-08-17');
INSERT INTO employees.employeeCertification (EmployeeID, CertificationID, DateObtained) VALUES (1, 5, '2020-06-19');
INSERT INTO employees.employeeCertification (EmployeeID, CertificationID, DateObtained) VALUES (2, 1, '2023-04-24');
INSERT INTO employees.employeeCertification (EmployeeID, CertificationID, DateObtained) VALUES (3, 3, '2024-04-06');
INSERT INTO employees.employeeCertification (EmployeeID, CertificationID, DateObtained) VALUES (3, 2, '2022-05-29');
INSERT INTO employees.employeeCertification (EmployeeID, CertificationID, DateObtained) VALUES (4, 4, '2024-06-11');
INSERT INTO employees.employeeCertification (EmployeeID, CertificationID, DateObtained) VALUES (4, 5, '2024-06-24');
INSERT INTO employees.employeeCertification (EmployeeID, CertificationID, DateObtained) VALUES (5, 5, '2023-08-25');
INSERT INTO employees.employeeCertification (EmployeeID, CertificationID, DateObtained) VALUES (5, 2, '2021-07-26');
INSERT INTO employees.employeeCertification (EmployeeID, CertificationID, DateObtained) VALUES (5, 1, '2024-04-05');
INSERT INTO employees.employeeCertification (EmployeeID, CertificationID, DateObtained) VALUES (6, 1, '2023-03-08');
INSERT INTO employees.employeeCertification (EmployeeID, CertificationID, DateObtained) VALUES (7, 4, '2020-09-30');
INSERT INTO employees.employeeCertification (EmployeeID, CertificationID, DateObtained) VALUES (7, 2, '2022-08-13');
INSERT INTO employees.employeeCertification (EmployeeID, CertificationID, DateObtained) VALUES (8, 1, '2023-01-05');
INSERT INTO employees.employeeCertification (EmployeeID, CertificationID, DateObtained) VALUES (9, 4, '2022-10-11');
INSERT INTO employees.employeeCertification (EmployeeID, CertificationID, DateObtained) VALUES (9, 5, '2022-02-01');
INSERT INTO employees.employeeCertification (EmployeeID, CertificationID, DateObtained) VALUES (9, 1, '2023-06-03');
INSERT INTO employees.employeeCertification (EmployeeID, CertificationID, DateObtained) VALUES (10, 3, '2021-01-28');
INSERT INTO employees.employeeCertification (EmployeeID, CertificationID, DateObtained) VALUES (11, 1, '2025-03-26');
INSERT INTO employees.employeeCertification (EmployeeID, CertificationID, DateObtained) VALUES (12, 5, '2025-03-02');
INSERT INTO employees.employeeCertification (EmployeeID, CertificationID, DateObtained) VALUES (12, 1, '2024-10-12');
INSERT INTO employees.employeeCertification (EmployeeID, CertificationID, DateObtained) VALUES (12, 2, '2021-10-04');
INSERT INTO employees.employeeCertification (EmployeeID, CertificationID, DateObtained) VALUES (13, 5, '2024-08-21');
INSERT INTO employees.employeeCertification (EmployeeID, CertificationID, DateObtained) VALUES (13, 2, '2020-08-31');
INSERT INTO employees.employeeCertification (EmployeeID, CertificationID, DateObtained) VALUES (13, 4, '2023-03-01');
INSERT INTO employees.employeeCertification (EmployeeID, CertificationID, DateObtained) VALUES (14, 2, '2021-06-22');
INSERT INTO employees.employeeCertification (EmployeeID, CertificationID, DateObtained) VALUES (15, 5, '2024-12-24');
INSERT INTO employees.employeeCertification (EmployeeID, CertificationID, DateObtained) VALUES (15, 1, '2021-06-30');
INSERT INTO employees.employeeCertification (EmployeeID, CertificationID, DateObtained) VALUES (15, 2, '2024-03-03');
INSERT INTO employees.employeeCertification (EmployeeID, CertificationID, DateObtained) VALUES (16, 2, '2020-05-23');
INSERT INTO employees.employeeCertification (EmployeeID, CertificationID, DateObtained) VALUES (17, 5, '2023-08-24');
INSERT INTO employees.employeeCertification (EmployeeID, CertificationID, DateObtained) VALUES (18, 1, '2021-02-14');
INSERT INTO employees.employeeCertification (EmployeeID, CertificationID, DateObtained) VALUES (18, 2, '2020-08-19');
INSERT INTO employees.employeeCertification (EmployeeID, CertificationID, DateObtained) VALUES (19, 4, '2022-06-02');
INSERT INTO employees.employeeCertification (EmployeeID, CertificationID, DateObtained) VALUES (20, 4, '2022-08-07');
INSERT INTO employees.employeeCertification (EmployeeID, CertificationID, DateObtained) VALUES (21, 2, '2022-09-22');
INSERT INTO employees.employeeCertification (EmployeeID, CertificationID, DateObtained) VALUES (21, 5, '2022-03-27');
INSERT INTO employees.employeeCertification (EmployeeID, CertificationID, DateObtained) VALUES (21, 3, '2024-02-19');
INSERT INTO employees.employeeCertification (EmployeeID, CertificationID, DateObtained) VALUES (22, 2, '2021-10-10');
INSERT INTO employees.employeeCertification (EmployeeID, CertificationID, DateObtained) VALUES (22, 3, '2022-12-29');
INSERT INTO employees.employeeCertification (EmployeeID, CertificationID, DateObtained) VALUES (23, 4, '2021-07-19');
INSERT INTO employees.employeeCertification (EmployeeID, CertificationID, DateObtained) VALUES (23, 1, '2020-06-12');
INSERT INTO employees.employeeCertification (EmployeeID, CertificationID, DateObtained) VALUES (24, 3, '2023-12-25');
INSERT INTO employees.employeeCertification (EmployeeID, CertificationID, DateObtained) VALUES (25, 3, '2022-08-31');
INSERT INTO employees.employeeCertification (EmployeeID, CertificationID, DateObtained) VALUES (25, 5, '2020-07-10');
INSERT INTO employees.employeeCertification (EmployeeID, CertificationID, DateObtained) VALUES (25, 2, '2024-06-18');
INSERT INTO employees.employeeCertification (EmployeeID, CertificationID, DateObtained) VALUES (26, 2, '2020-12-21');
INSERT INTO employees.employeeCertification (EmployeeID, CertificationID, DateObtained) VALUES (26, 4, '2021-03-09');
INSERT INTO employees.employeeCertification (EmployeeID, CertificationID, DateObtained) VALUES (27, 2, '2024-12-12');
INSERT INTO employees.employeeCertification (EmployeeID, CertificationID, DateObtained) VALUES (27, 4, '2023-07-21');
INSERT INTO employees.employeeCertification (EmployeeID, CertificationID, DateObtained) VALUES (27, 1, '2021-04-17');
INSERT INTO employees.employeeCertification (EmployeeID, CertificationID, DateObtained) VALUES (28, 2, '2022-11-06');
INSERT INTO employees.employeeCertification (EmployeeID, CertificationID, DateObtained) VALUES (29, 2, '2024-12-08');
INSERT INTO employees.employeeCertification (EmployeeID, CertificationID, DateObtained) VALUES (29, 5, '2023-10-10');
INSERT INTO employees.employeeCertification (EmployeeID, CertificationID, DateObtained) VALUES (30, 3, '2020-07-29');
INSERT INTO employees.employeeCertification (EmployeeID, CertificationID, DateObtained) VALUES (31, 1, '2024-08-02');
INSERT INTO employees.employeeCertification (EmployeeID, CertificationID, DateObtained) VALUES (31, 5, '2024-04-08');
INSERT INTO employees.employeeCertification (EmployeeID, CertificationID, DateObtained) VALUES (31, 4, '2023-03-28');
INSERT INTO employees.employeeCertification (EmployeeID, CertificationID, DateObtained) VALUES (32, 5, '2020-05-30');
INSERT INTO employees.employeeCertification (EmployeeID, CertificationID, DateObtained) VALUES (33, 5, '2021-11-15');
INSERT INTO employees.employeeCertification (EmployeeID, CertificationID, DateObtained) VALUES (34, 2, '2022-12-06');
INSERT INTO employees.employeeCertification (EmployeeID, CertificationID, DateObtained) VALUES (35, 5, '2024-09-16');
INSERT INTO employees.employeeCertification (EmployeeID, CertificationID, DateObtained) VALUES (36, 2, '2024-08-27');
INSERT INTO employees.employeeCertification (EmployeeID, CertificationID, DateObtained) VALUES (37, 2, '2025-03-08');
INSERT INTO employees.employeeCertification (EmployeeID, CertificationID, DateObtained) VALUES (37, 3, '2023-03-07');
INSERT INTO employees.employeeCertification (EmployeeID, CertificationID, DateObtained) VALUES (38, 5, '2022-08-13');
INSERT INTO employees.employeeCertification (EmployeeID, CertificationID, DateObtained) VALUES (39, 2, '2020-08-11');
INSERT INTO employees.employeeCertification (EmployeeID, CertificationID, DateObtained) VALUES (40, 2, '2021-01-01');
INSERT INTO employees.employeeCertification (EmployeeID, CertificationID, DateObtained) VALUES (40, 5, '2025-01-19');
INSERT INTO employees.employeeCertification (EmployeeID, CertificationID, DateObtained) VALUES (40, 4, '2021-02-28');
INSERT INTO employees.employeeCertification (EmployeeID, CertificationID, DateObtained) VALUES (41, 1, '2023-06-18');
INSERT INTO employees.employeeCertification (EmployeeID, CertificationID, DateObtained) VALUES (41, 2, '2022-01-30');
INSERT INTO employees.employeeCertification (EmployeeID, CertificationID, DateObtained) VALUES (42, 1, '2021-08-18');
INSERT INTO employees.employeeCertification (EmployeeID, CertificationID, DateObtained) VALUES (42, 5, '2023-12-23');
INSERT INTO employees.employeeCertification (EmployeeID, CertificationID, DateObtained) VALUES (42, 2, '2021-11-20');
INSERT INTO employees.employeeCertification (EmployeeID, CertificationID, DateObtained) VALUES (43, 5, '2021-03-05');
INSERT INTO employees.employeeCertification (EmployeeID, CertificationID, DateObtained) VALUES (43, 4, '2022-07-14');
INSERT INTO employees.employeeCertification (EmployeeID, CertificationID, DateObtained) VALUES (44, 3, '2024-10-17');
INSERT INTO employees.employeeCertification (EmployeeID, CertificationID, DateObtained) VALUES (45, 5, '2021-12-03');
INSERT INTO employees.employeeCertification (EmployeeID, CertificationID, DateObtained) VALUES (46, 3, '2023-12-01');
INSERT INTO employees.employeeCertification (EmployeeID, CertificationID, DateObtained) VALUES (46, 4, '2020-06-25');
INSERT INTO employees.employeeCertification (EmployeeID, CertificationID, DateObtained) VALUES (46, 2, '2023-08-02');
INSERT INTO employees.employeeCertification (EmployeeID, CertificationID, DateObtained) VALUES (47, 5, '2021-06-27');
INSERT INTO employees.employeeCertification (EmployeeID, CertificationID, DateObtained) VALUES (48, 2, '2024-06-24');
INSERT INTO employees.employeeCertification (EmployeeID, CertificationID, DateObtained) VALUES (48, 3, '2023-05-30');
INSERT INTO employees.employeeCertification (EmployeeID, CertificationID, DateObtained) VALUES (48, 1, '2021-07-03');
INSERT INTO employees.employeeCertification (EmployeeID, CertificationID, DateObtained) VALUES (49, 2, '2020-12-21');
INSERT INTO employees.employeeCertification (EmployeeID, CertificationID, DateObtained) VALUES (49, 5, '2022-06-18');
INSERT INTO employees.employeeCertification (EmployeeID, CertificationID, DateObtained) VALUES (50, 4, '2021-06-08');
INSERT INTO employees.employeeCertification (EmployeeID, CertificationID, DateObtained) VALUES (50, 1, '2022-07-31');

-- Insert Disciplinary Actions
INSERT INTO employees.disciplinaryAction (EmployeeID, ActionType, ActionDate, Description) VALUES (29, 'Suspension', '2024-08-25', 'Support project sell fear help throw outside.');
INSERT INTO employees.disciplinaryAction (EmployeeID, ActionType, ActionDate, Description) VALUES (27, 'Suspension', '2025-02-13', 'Management its left example senior development.');
INSERT INTO employees.disciplinaryAction (EmployeeID, ActionType, ActionDate, Description) VALUES (49, 'Suspension', '2025-04-13', 'Develop claim hospital dream have ahead career.');
INSERT INTO employees.disciplinaryAction (EmployeeID, ActionType, ActionDate, Description) VALUES (50, 'Termination', '2023-12-04', 'Total production but successful heavy research natural million so.');
INSERT INTO employees.disciplinaryAction (EmployeeID, ActionType, ActionDate, Description) VALUES (16, 'Suspension', '2024-03-15', 'That paper foreign defense gun.');
INSERT INTO employees.disciplinaryAction (EmployeeID, ActionType, ActionDate, Description) VALUES (10, 'Warning', '2023-11-22', 'Space population opportunity forward wear far foot world beyond.');
INSERT INTO employees.disciplinaryAction (EmployeeID, ActionType, ActionDate, Description) VALUES (25, 'Termination', '2025-04-02', 'Improve political address picture employee culture live my share figure.');
INSERT INTO employees.disciplinaryAction (EmployeeID, ActionType, ActionDate, Description) VALUES (3, 'Suspension', '2024-03-10', 'Outside rule hold far shoulder conference out apply because.');
INSERT INTO employees.disciplinaryAction (EmployeeID, ActionType, ActionDate, Description) VALUES (36, 'Warning', '2024-04-08', 'Large black make third option soldier five partner care few.');
INSERT INTO employees.disciplinaryAction (EmployeeID, ActionType, ActionDate, Description) VALUES (8, 'Termination', '2023-05-09', 'Almost box occur together send never.');
INSERT INTO employees.disciplinaryAction (EmployeeID, ActionType, ActionDate, Description) VALUES (31, 'Termination', '2024-06-17', 'Laugh real perform area light can me stand affect end.');
INSERT INTO employees.disciplinaryAction (EmployeeID, ActionType, ActionDate, Description) VALUES (20, 'Suspension', '2023-08-11', 'Health firm response hour source throw offer describe tree vote.');
INSERT INTO employees.disciplinaryAction (EmployeeID, ActionType, ActionDate, Description) VALUES (1, 'Termination', '2025-02-19', 'Protect international west administration together send nearly.');
INSERT INTO employees.disciplinaryAction (EmployeeID, ActionType, ActionDate, Description) VALUES (9, 'Suspension', '2023-07-03', 'Network also yourself matter stop free practice friend.');
INSERT INTO employees.disciplinaryAction (EmployeeID, ActionType, ActionDate, Description) VALUES (40, 'Warning', '2025-03-17', 'Marriage Mr build call including power risk eight exist.');
INSERT INTO employees.disciplinaryAction (EmployeeID, ActionType, ActionDate, Description) VALUES (2, 'Warning', '2023-07-11', 'Specific pay anything million begin area him.');
INSERT INTO employees.disciplinaryAction (EmployeeID, ActionType, ActionDate, Description) VALUES (6, 'Termination', '2024-12-22', 'Side picture left within result at similar Democrat need.');
INSERT INTO employees.disciplinaryAction (EmployeeID, ActionType, ActionDate, Description) VALUES (28, 'Termination', '2024-10-20', 'Probably my board development employee worker.');
INSERT INTO employees.disciplinaryAction (EmployeeID, ActionType, ActionDate, Description) VALUES (15, 'Warning', '2024-10-24', 'Federal event after director doctor alone all force democratic color.');
INSERT INTO employees.disciplinaryAction (EmployeeID, ActionType, ActionDate, Description) VALUES (42, 'Termination', '2024-06-12', 'Machine development ahead see throw would seat relate.');